bouygues-telecom,10,2000,informatique,10 M euros,https://fr.indeed.com/cmp/Bouygues-Telecom
bouygues-telecom,10,2000,informatique,10 M euros,https://fr.indeed.com/cmp/Bouygues-Telecomdeed.com/cmp/Bouygues-Telecom
bouygues-telecom,1,100,DLDOKF,2OSD²²,https://fr.indeed.com/cmp/Bouygues-Telecom
kgdflkugfksdl,5,sqsqqs,qsqsq,sqsqs,https://fr.indeed.com/cmp/Bouygues-Telecom
kgdflkugfksdl,5,sqsqqs,qsqsq,sqsqs,https://fr.indeed.com/cmp/Bouygues-Telecom
kgdflkugfksdl,5,sqsqqs,qsqsq,sqsqs,https://fr.indeed.com/cmp/Bouygues-Telecom
kgdflkugfksdl,5,sqsqqs,qsqsq,sqsqs,https://fr.indeed.com/cmp/Bouygues-Telecom
kgdflkugfksdl,5,sqsqqs,qsqsq,sqsqs,https://fr.indeed.com/cmp/Bouygues-Telecom
kgdflkugfksdl,5,sqsqqs,qsqsq,sqsqs,https://fr.indeed.com/cmp/Bouygues-Telecom
kgdflkugfksdl,5,sqsqqs,qsqsq,sqsqs,https://fr.indeed.com/cmp/Bouygues-Telecom
kgdflkugfksdl,5,sqsqqs,qsqsq,sqsqs,https://fr.indeed.com/cmp/Bouygues-Telecom
kgdflkugfksdl,5,sqsqqs,qsqsq,sqsqs,https://fr.indeed.com/cmp/Bouygues-Telecom
